{"cameraMode":{"drawMode":0,"name":"Shaded","section":"Shading Mode"},"sceneLighting":true,"audioPlay":false,"sceneViewState":{"showFog":false,"showMaterialUpdate":false,"showSkybox":false,"showFlares":false,"showImageEffects":false,"showParticleSystems":false},"in2DMode":false,"pivot":{"x":0.6070200204849243,"y":0.9355794787406921,"z":-1.9033490419387818},"rotation":{"x":-0.0005030182655900717,"y":0.9994910359382629,"z":0.02067602053284645,"w":0.02429099939763546},"size":3.8271429538726808,"orthographic":false}