{"cameraMode":{"drawMode":0,"name":"Shaded","section":"Shading Mode"},"sceneLighting":true,"audioPlay":false,"sceneViewState":{"showFog":false,"showMaterialUpdate":false,"showSkybox":false,"showFlares":false,"showImageEffects":false,"showParticleSystems":false},"in2DMode":false,"pivot":{"x":224.80560302734376,"y":79.35037994384766,"z":377.0968933105469},"rotation":{"x":0.08917718380689621,"y":0.7053794860839844,"z":0.0901992991566658,"w":-0.6973889470100403},"size":71.64453125,"orthographic":false}