{"cameraMode":{"drawMode":0,"name":"Shaded","section":"Shading Mode"},"sceneLighting":true,"audioPlay":false,"sceneViewState":{"showFog":true,"showMaterialUpdate":false,"showSkybox":true,"showFlares":true,"showImageEffects":true,"showParticleSystems":true},"in2DMode":false,"pivot":{"x":192.4612579345703,"y":93.34712982177735,"z":445.87005615234377},"rotation":{"x":-0.19146597385406495,"y":-0.5428911447525024,"z":0.12872730195522309,"w":-0.8074895143508911},"size":107.50409698486328,"orthographic":false}