{"cameraMode":{"drawMode":0,"name":"Shaded","section":"Shading Mode"},"sceneLighting":true,"audioPlay":false,"sceneViewState":{"showFog":true,"showMaterialUpdate":false,"showSkybox":true,"showFlares":true,"showImageEffects":true,"showParticleSystems":true},"in2DMode":false,"pivot":{"x":-0.13463866710662843,"y":14.982460021972657,"z":0.4980955421924591},"rotation":{"x":0.46906790137290957,"y":-0.5307718515396118,"z":0.4886571168899536,"w":0.5093828439712524},"size":10.121668815612793,"orthographic":false}